{
  "project_info": {
    "project_number": "408578245352",
    "firebase_url": "https://champ-de-prosperite-default-rtdb.firebaseio.com",
    "project_id": "champ-de-prosperite",
    "storage_bucket": "champ-de-prosperite.appspot.com"
  },
  "client": [
    {
      "client_info": {
        "mobilesdk_app_id": "1:408578245352:android:0f790f277cb4035302bf5d",
        "android_client_info": {
          "package_name": "com.subzeal.champ_de_prosperite"
        }
      },
      "oauth_client": [
        {
          "client_id": "408578245352-k066raal83eg5fu9h5pdceko24d0b785.apps.googleusercontent.com",
          "client_type": 1,
          "android_info": {
            "package_name": "com.subzeal.champ_de_prosperite",
            "certificate_hash": "5353eeeed1f6dcd53b41f2de94e23c37f6ccc9a7"
          }
        },
        {
          "client_id": "408578245352-v1tu579f8mdr5em0mrpb6sbdrfsviqgs.apps.googleusercontent.com",
          "client_type": 3
        }
      ],
      "api_key": [
        {
          "current_key": "AIzaSyAWOBW_Zg5n6EbWtTreCTrIoL0aso4r2cs"
        }
      ],
      "services": {
        "appinvite_service": {
          "other_platform_oauth_client": [
            {
              "client_id": "408578245352-9bolbmvlelc9ujsvd0mf56rv9mgfvj8t.apps.googleusercontent.com",
              "client_type": 3
            }
          ]
        }
      }
    }
  ],
  "configuration_version": "1"
}